Transaction_ID,Transaction_Date,Branch_ID,Branch,Region,Customer_ID,Customer_Name,Customer_Segment,Product_ID,Product_Name,Category,Quantity,Unit_Price,Discount,Cost_Ratio,Payment_Method,Rejection_Reason
TXN49500D3632,2024-06-03,BR01,Eluru,Andhra Pradesh,CUST01470,Lakshmi Reddy,Retail,P013,Power Bank,Accessories,0,978.17,0.0,0.48,UPI,Invalid Quantity (<= 0)
TXNA681078AB4,2024-06-04,BR01,Eluru,Andhra Pradesh,CUST01935,Deepika Devi,Wholesale,P020,Home Theatre System,Electronics,0,14549.22,0.05,0.6,UPI,Invalid Quantity (<= 0)
TXN88C2A7E6B0,2023-08-08,BR01,Eluru,Andhra Pradesh,CUST00209,Harika Kumar,Wholesale,P011,Bluetooth Speaker,Accessories,0,3708.24,0.15,0.5,Credit Card,Invalid Quantity (<= 0)
TXN0D9B9F9672,2024-03-09,BR01,Eluru,Andhra Pradesh,CUST00315,Lakshmi Kumar,Retail,P018,LED TV 43-inch,Electronics,0,30320.04,0.1,0.8,UPI,Invalid Quantity (<= 0)
TXNAE18A7AB52,2023-09-09,BR01,Eluru,Andhra Pradesh,CUST01566,Priya Chowdary,Retail,P004,Wireless Earbuds,Mobile,0,5165.93,0.1,0.55,UPI,Invalid Quantity (<= 0)
TXN0EE6DC3960,2024-11-22,BR02,Vijayawada,Andhra Pradesh,CUST00249,Pooja Naidu,Retail,P015,Refrigerator 300L,Home Appliances,0,37547.48,0.15,0.82,Net Banking,Invalid Quantity (<= 0)
TXN0BA88E24CA,2023-10-23,BR02,Vijayawada,Andhra Pradesh,CUST01154,Arjun Devi,Retail,P018,LED TV 43-inch,Electronics,0,23436.5,0.1,0.8,UPI,Invalid Quantity (<= 0)
TXN4035FE89B3,2024-11-20,BR02,Vijayawada,Andhra Pradesh,CUST01952,Priya Murthy,Retail,P010,Wireless Mouse,Accessories,0,1191.96,0.15,0.4,UPI,Invalid Quantity (<= 0)
TXN05A42092CA,2023-03-24,BR02,Vijayawada,Andhra Pradesh,CUST01068,Arjun Devi,Corporate,P019,LED TV 55-inch,Electronics,0,45102.32,0.0,0.79,Cash,Invalid Quantity (<= 0)
TXNB36382B4F8,2024-09-21,BR02,Vijayawada,Andhra Pradesh,CUST00321,Ramesh Chowdary,Retail,P001,Budget Smartphone 4G,Mobile,0,13747.25,0.0,0.8,UPI,Invalid Quantity (<= 0)
TXNE7E5988548,2024-07-08,BR02,Vijayawada,Andhra Pradesh,CUST00458,Meena Sarma,Wholesale,P009,Laptop Bag,Accessories,0,1904.08,0.0,0.45,UPI,Invalid Quantity (<= 0)
TXN559D04BB5C,2023-02-12,BR02,Vijayawada,Andhra Pradesh,CUST01413,Naveen Devi,Retail,P016,Washing Machine,Home Appliances,0,22220.85,0.05,0.8,Debit Card,Invalid Quantity (<= 0)
TXN63739B74A0,2023-06-04,BR02,Vijayawada,Andhra Pradesh,CUST01445,Ravi Reddy,Retail,P012,Mobile Charger,Accessories,0,546.62,0.0,0.42,Debit Card,Invalid Quantity (<= 0)
TXNDC4472041E,2023-02-09,BR02,Vijayawada,Andhra Pradesh,CUST00840,Naveen Varma,Retail,P002,Mid-range Smartphone 5G,Mobile,0,16335.67,0.15,0.78,Debit Card,Invalid Quantity (<= 0)
TXN9245EE38D6,2023-07-24,BR02,Vijayawada,Andhra Pradesh,CUST00538,Aishwarya Prasad,Retail,P021,Smart Watch,Electronics,0,9956.46,0.0,0.55,UPI,Invalid Quantity (<= 0)
TXN996B44DBCA,2023-09-02,BR02,Vijayawada,Andhra Pradesh,CUST01700,Sandeep Kumar,Retail,P002,Mid-range Smartphone 5G,Mobile,0,25942.49,0.15,0.78,UPI,Invalid Quantity (<= 0)
TXNF880093B35,2024-11-08,BR02,Vijayawada,Andhra Pradesh,CUST00692,Praveen Devi,Retail,P019,LED TV 55-inch,Electronics,0,57314.44,0.0,0.79,UPI,Invalid Quantity (<= 0)
TXN095511CF20,2024-06-24,BR02,Vijayawada,Andhra Pradesh,CUST01195,Manoj Chowdary,Retail,P011,Bluetooth Speaker,Accessories,0,2906.92,0.15,0.5,Cash,Invalid Quantity (<= 0)
TXN2F8B2473ED,2024-03-12,BR02,Vijayawada,Andhra Pradesh,CUST01946,Priya Sharma,Retail,P014,Split AC 1.5 Ton,Home Appliances,0,39170.45,0.0,0.83,UPI,Invalid Quantity (<= 0)
TXN23C85D7100,2024-05-13,BR02,Vijayawada,Andhra Pradesh,CUST00744,Ajay Rao,Retail,P009,Laptop Bag,Accessories,0,1693.44,0.15,0.45,UPI,Invalid Quantity (<= 0)
TXND466E33206,2024-05-02,BR03,Rajahmundry,Andhra Pradesh,CUST01579,Sandeep Naidu,Retail,P010,Wireless Mouse,Accessories,0,1074.72,0.1,0.4,Credit Card,Invalid Quantity (<= 0)
TXN33F48A3378,2024-05-26,BR03,Rajahmundry,Andhra Pradesh,CUST01310,Meena Chowdary,Retail,P002,Mid-range Smartphone 5G,Mobile,0,20700.89,0.0,0.78,UPI,Invalid Quantity (<= 0)
TXN93A9C181CF,2023-04-23,BR04,Visakhapatnam,Andhra Pradesh,CUST01142,Divya Sarma,Retail,P010,Wireless Mouse,Accessories,0,1386.38,0.05,0.4,Debit Card,Invalid Quantity (<= 0)
TXNE41A81F8F1,2024-06-30,BR04,Visakhapatnam,Andhra Pradesh,CUST00035,Arjun Kumar,Retail,P012,Mobile Charger,Accessories,0,748.36,0.0,0.42,UPI,Invalid Quantity (<= 0)
TXNDF0B9EC1E3,2024-05-05,BR04,Visakhapatnam,Andhra Pradesh,CUST00017,Praveen Murthy,Wholesale,P019,LED TV 55-inch,Electronics,0,43276.78,0.0,0.79,Cash,Invalid Quantity (<= 0)
TXNEA548E84C5,2023-10-24,BR04,Visakhapatnam,Andhra Pradesh,CUST01297,Manoj Varma,Corporate,P019,LED TV 55-inch,Electronics,0,50093.66,0.0,0.79,UPI,Invalid Quantity (<= 0)
TXN79804953D2,2023-10-21,BR04,Visakhapatnam,Andhra Pradesh,CUST00372,Naveen Murthy,Retail,P003,Flagship Smartphone,Mobile,0,62028.83,0.25,0.75,Debit Card,Invalid Quantity (<= 0)
TXND539F8470E,2023-07-31,BR04,Visakhapatnam,Andhra Pradesh,CUST01896,Anitha Varma,Wholesale,P002,Mid-range Smartphone 5G,Mobile,0,22588.08,0.0,0.78,UPI,Invalid Quantity (<= 0)
TXN811576D64A,2023-11-04,BR04,Visakhapatnam,Andhra Pradesh,CUST01469,Manoj Chowdary,Retail,P009,Laptop Bag,Accessories,0,822.58,0.25,0.45,Debit Card,Invalid Quantity (<= 0)
TXN820940F126,2024-01-12,BR04,Visakhapatnam,Andhra Pradesh,CUST00699,Pooja Chowdary,Retail,P001,Budget Smartphone 4G,Mobile,0,9135.23,0.1,0.8,UPI,Invalid Quantity (<= 0)
TXN03830D7CDF,2024-02-11,BR04,Visakhapatnam,Andhra Pradesh,CUST00209,Harika Kumar,Wholesale,P006,Business Laptop i5,Laptop,0,48963.59,0.15,0.8,Cash,Invalid Quantity (<= 0)
TXN5F7E2D56B4,2023-02-24,BR05,Hyderabad,Telangana,CUST00938,Harika Kumar,Wholesale,P020,Home Theatre System,Electronics,0,10552.26,0.15,0.6,Credit Card,Invalid Quantity (<= 0)
TXNF7A7254E52,2023-11-02,BR05,Hyderabad,Telangana,CUST00407,Naveen Babu,Corporate,P002,Mid-range Smartphone 5G,Mobile,0,19973.44,0.0,0.78,Credit Card,Invalid Quantity (<= 0)
TXN50906BF910,2023-07-05,BR05,Hyderabad,Telangana,CUST01483,Naveen Sharma,Retail,P006,Business Laptop i5,Laptop,0,42354.98,0.15,0.8,UPI,Invalid Quantity (<= 0)
TXN0511232341,2024-05-23,BR05,Hyderabad,Telangana,CUST01004,Deepika Murthy,Retail,P012,Mobile Charger,Accessories,0,515.96,0.1,0.42,Debit Card,Invalid Quantity (<= 0)
TXN24E2CD00C8,2024-11-06,BR05,Hyderabad,Telangana,CUST00382,Sandeep Sharma,Retail,P017,Microwave Oven,Home Appliances,0,8657.41,0.2,0.75,UPI,Invalid Quantity (<= 0)
TXN6CAECE8E48,2024-11-24,BR05,Hyderabad,Telangana,CUST00366,Ajay Naidu,Corporate,P007,Gaming Laptop i7,Laptop,0,97730.55,0.15,0.78,Credit Card,Invalid Quantity (<= 0)
TXN4E3B437A15,2024-07-28,BR05,Hyderabad,Telangana,CUST00639,Priya Rao,Retail,P013,Power Bank,Accessories,0,2298.35,0.0,0.48,UPI,Invalid Quantity (<= 0)
TXN2B983370A8,2023-12-30,BR05,Hyderabad,Telangana,CUST01602,Divya Babu,Retail,P020,Home Theatre System,Electronics,0,15541.15,0.1,0.6,Cash,Invalid Quantity (<= 0)
TXN0A76EEEB59,2023-11-20,BR05,Hyderabad,Telangana,CUST01165,Ajay Sarma,Retail,P002,Mid-range Smartphone 5G,Mobile,0,21992.8,0.0,0.78,UPI,Invalid Quantity (<= 0)
